compound	sample_id	calc_conc	rsquared
acetate	S_A01	5.65853936928074	0.9616000627021969
acetate	S_A02	5.956564300428326	0.9616000627021969
acetate	S_A03	6.449338196484236	0.9616000627021969
acetate	S_A04	33.89713928098768	0.9616000627021969
acetate	S_A05	60.695777149130045	0.9616000627021969
acetate	S_A06	70.27880323550276	0.9616000627021969
acetate	S_A07	16.185802861269572	0.9616000627021969
acetate	S_A08	12.831792910070664	0.9616000627021969
acetate	S_A09	16.09728060449306	0.9616000627021969
acetate	S_A10	18.998843465500915	0.9616000627021969
acetate	S_A11	10.90397487360443	0.9616000627021969
acetate	S_A12	14.792069107354955	0.9616000627021969
acetate	S_B01	7.769303403085097	0.9616000627021969
acetate	S_B02	7.14079537997187	0.9616000627021969
acetate	S_B03	6.97358667272735	0.9616000627021969
acetate	S_B04	118.14475463582386	0.9616000627021969
acetate	S_B05	88.72389080583507	0.9616000627021969
acetate	S_B06	116.30840959802669	0.9616000627021969
acetate	S_B07	103.59562994428887	0.9616000627021969
acetate	S_B08	103.08908591940106	0.9616000627021969
acetate	S_B09	103.3094079807115	0.9616000627021969
acetate	S_B10	63.732090556564366	0.9616000627021969
acetate	S_B11	51.6281473133228	0.9616000627021969
acetate	S_B12	87.0424552868534	0.9616000627021969
acetate	S_C01	53.98087218231628	0.9616000627021969
acetate	S_C02	151.4359728038608	0.9616000627021969
acetate	S_C03	68.96178877079446	0.9616000627021969
acetate	S_C04	48.99018406138277	0.9616000627021969
acetate	S_C05	66.60709674053926	0.9616000627021969
acetate	S_C06	70.22175555891346	0.9616000627021969
acetate	S_C07	76.31167921514623	0.9616000627021969
acetate	S_C08	77.45402393755438	0.9616000627021969
acetate	S_C09	86.34460925980862	0.9616000627021969
acetate	S_C10	87.05377089465156	0.9616000627021969
acetate	S_C11	51.66847411918765	0.9616000627021969
acetate	S_C12	114.07469798536606	0.9616000627021969
acetate	S_D01	127.87757819824083	0.9955082691136867
acetate	S_D02	259.28596673843606	0.9955082691136867
acetate	S_D03	91.95038074882348	0.9955082691136867
acetate	S_D04	45.36124767300554	0.9955082691136867
acetate	S_D05	46.89428083433864	0.9955082691136867
acetate	S_D06	46.36908628580898	0.9955082691136867
acetate	S_D07	64.37280403853033	0.9955082691136867
acetate	S_D08	68.4211786834464	0.9955082691136867
acetate	S_D09	71.22100054748296	0.9955082691136867
acetate	S_D10	15.163776860672122	0.9955082691136867
acetate	S_D11	13.948048739075704	0.9955082691136867
acetate	S_D12	18.301571142512476	0.9955082691136867
acetate	S_E01	15.93454848976425	0.9955082691136867
acetate	S_E02	17.659666694309568	0.9955082691136867
acetate	S_E03	19.184189758791476	0.9955082691136867
acetate	S_E04	17.141766514509495	0.9955082691136867
acetate	S_E05	20.10206449059677	0.9955082691136867
acetate	S_E06	17.02019370234985	0.9955082691136867
acetate	S_E07	19.652245085606097	0.9955082691136867
acetate	S_E08	19.028576559227133	0.9955082691136867
acetate	S_E09	20.397486424144702	0.9955082691136867
acetate	S_E10	40.81268670067975	0.9955082691136867
acetate	S_E11	36.501021122810855	0.9955082691136867
acetate	S_E12	40.612613630049935	0.9955082691136867
acetate	S_F01	60.551770552352785	0.9955082691136867
acetate	S_F02	12.762713820519195	0.9955082691136867
acetate	S_F03	9.863202250511739	0.9955082691136867
acetate	S_F04	25.8962247181253	0.9955082691136867
acetate	S_F05	19.62428333880938	0.9955082691136867
acetate	S_F06	34.604485253120444	0.9955082691136867
acetate	S_F07	32.77967734260422	0.9955082691136867
acetate	S_F08	26.32780820129203	0.9955082691136867
acetate	S_F09	52.08281496304654	0.9955082691136867
acetate	S_F10	37.943130233488205	0.9955082691136867
acetate	S_F11	56.20675824576719	0.9955082691136867
acetate	S_F12	52.83675989270192	0.9955082691136867
butyrate	S_A01	0.0	0.9573177693379074
butyrate	S_A02	0.0	0.9573177693379074
butyrate	S_A03	0.0	0.9573177693379074
butyrate	S_A04	0.0	0.9573177693379074
butyrate	S_A05	2.5803946049192237	0.9573177693379074
butyrate	S_A06	2.633240324687865	0.9573177693379074
butyrate	S_A07	0.0	0.9573177693379074
butyrate	S_A08	0.37706135186273526	0.9573177693379074
butyrate	S_A09	0.0	0.9573177693379074
butyrate	S_A10	1.1721275862197655	0.9573177693379074
butyrate	S_A11	0.17758066192525285	0.9573177693379074
butyrate	S_A12	0.8669554567450012	0.9573177693379074
butyrate	S_B01	0.0	0.9573177693379074
butyrate	S_B02	0.0	0.9573177693379074
butyrate	S_B03	0.0	0.9573177693379074
butyrate	S_B04	23.417319083424697	0.9573177693379074
butyrate	S_B05	8.141097369763601	0.9573177693379074
butyrate	S_B06	32.902887738113	0.9573177693379074
butyrate	S_B07	8.11443646609654	0.9573177693379074
butyrate	S_B08	10.704828909890912	0.9573177693379074
butyrate	S_B09	5.9782315597731905	0.9573177693379074
butyrate	S_B10	12.122141592334552	0.9573177693379074
butyrate	S_B11	3.560658902249239	0.9573177693379074
butyrate	S_B12	15.69087396750356	0.9573177693379074
butyrate	S_C01	0.0	0.9573177693379074
butyrate	S_C02	15.026067006693614	0.9573177693379074
butyrate	S_C03	9.507944770266018	0.9573177693379074
butyrate	S_C04	5.5773658296362925	0.9573177693379074
butyrate	S_C05	42.35227373782458	0.9573177693379074
butyrate	S_C06	30.657182691728504	0.9573177693379074
butyrate	S_C07	6.680952533042746	0.9573177693379074
butyrate	S_C08	28.18962083982881	0.9573177693379074
butyrate	S_C09	36.55019457728019	0.9573177693379074
butyrate	S_C10	17.96849689646888	0.9573177693379074
butyrate	S_C11	2.285220314319608	0.9573177693379074
butyrate	S_C12	41.33297026012494	0.9573177693379074
butyrate	S_D01	23.499948145121902	0.9986125547433702
butyrate	S_D02	67.15642786464055	0.9986125547433702
butyrate	S_D03	22.161672023921735	0.9986125547433702
butyrate	S_D04	1.9430956835638102	0.9986125547433702
butyrate	S_D05	4.226402370957173	0.9986125547433702
butyrate	S_D06	2.8097028176967984	0.9986125547433702
butyrate	S_D07	1.1695811126677638	0.9986125547433702
butyrate	S_D08	2.859916382109452	0.9986125547433702
butyrate	S_D09	1.8449253441503077	0.9986125547433702
butyrate	S_D10	0.8333194903088699	0.9986125547433702
butyrate	S_D11	0.8316268982500163	0.9986125547433702
butyrate	S_D12	0.0	0.9986125547433702
butyrate	S_E01	0.8880466335451328	0.9986125547433702
butyrate	S_E02	0.3182073070644567	0.9986125547433702
butyrate	S_E03	1.2406699791396105	0.9986125547433702
butyrate	S_E04	0.9659058682523936	0.9986125547433702
butyrate	S_E05	2.5422732723979466	0.9986125547433702
butyrate	S_E06	1.06125522090114	0.9986125547433702
butyrate	S_E07	1.1204959429610124	0.9986125547433702
butyrate	S_E08	1.2169736903156616	0.9986125547433702
butyrate	S_E09	1.6141686267932813	0.9986125547433702
butyrate	S_E10	3.5520713227090575	0.9986125547433702
butyrate	S_E11	2.931005248581299	0.9986125547433702
butyrate	S_E12	3.1250891379964996	0.9986125547433702
butyrate	S_F01	3.7112901877127595	0.9986125547433702
butyrate	S_F02	0.0	0.9986125547433702
butyrate	S_F03	0.09929873411940494	0.9986125547433702
butyrate	S_F04	3.5640346785925057	0.9986125547433702
butyrate	S_F05	5.00048113920617	0.9986125547433702
butyrate	S_F06	3.7411926474191715	0.9986125547433702
butyrate	S_F07	2.296283226511239	0.9986125547433702
butyrate	S_F08	2.305874581511409	0.9986125547433702
butyrate	S_F09	1.0978975516887524	0.9986125547433702
butyrate	S_F10	2.200877962413101	0.9986125547433702
butyrate	S_F11	2.7239448200482217	0.9986125547433702
butyrate	S_F12	2.292898042393532	0.9986125547433702
formate	S_A01	4.208677500765105	0.9120446531906654
formate	S_A02	0.8018842813236055	0.9120446531906654
formate	S_A03	1.402082516132486	0.9120446531906654
formate	S_A04	0.0	0.9120446531906654
formate	S_A05	9.838877136603875	0.9120446531906654
formate	S_A06	8.198659288441954	0.9120446531906654
formate	S_A07	3.3630540768238486	0.9120446531906654
formate	S_A08	2.4153726534414055	0.9120446531906654
formate	S_A09	5.929083777059386	0.9120446531906654
formate	S_A10	10.111031801780372	0.9120446531906654
formate	S_A11	9.391765900956774	0.9120446531906654
formate	S_A12	9.03456290291262	0.9120446531906654
formate	S_B01	0.0	0.9120446531906654
formate	S_B02	0.017009666573531024	0.9120446531906654
formate	S_B03	0.0	0.9120446531906654
formate	S_B04	0.0	0.9120446531906654
formate	S_B05	0.0	0.9120446531906654
formate	S_B06	0.0	0.9120446531906654
formate	S_B07	0.30374404595591115	0.9120446531906654
formate	S_B08	0.0	0.9120446531906654
formate	S_B09	1.1469375175295204	0.9120446531906654
formate	S_B10	0.0	0.9120446531906654
formate	S_B11	0.0	0.9120446531906654
formate	S_B12	0.0	0.9120446531906654
formate	S_C01	0.0	0.9120446531906654
formate	S_C02	0.0	0.9120446531906654
formate	S_C03	0.0	0.9120446531906654
formate	S_C04	0.0	0.9120446531906654
formate	S_C05	0.0	0.9120446531906654
formate	S_C06	0.0	0.9120446531906654
formate	S_C07	1.8023971015281695	0.9120446531906654
formate	S_C08	0.0	0.9120446531906654
formate	S_C09	0.0	0.9120446531906654
formate	S_C10	0.0	0.9120446531906654
formate	S_C11	0.0	0.9120446531906654
formate	S_C12	0.0	0.9120446531906654
formate	S_D01	0.0	0.9673166045487261
formate	S_D02	0.0	0.9673166045487261
formate	S_D03	0.0	0.9673166045487261
formate	S_D04	21.59611941207527	0.9673166045487261
formate	S_D05	2.5390557946405843	0.9673166045487261
formate	S_D06	1.517068155850711	0.9673166045487261
formate	S_D07	1.2200198456142082	0.9673166045487261
formate	S_D08	0.0	0.9673166045487261
formate	S_D09	0.0	0.9673166045487261
formate	S_D10	2.4718662958966133	0.9673166045487261
formate	S_D11	2.3233421407783617	0.9673166045487261
formate	S_D12	1.644374574523498	0.9673166045487261
formate	S_E01	0.0	0.9673166045487261
formate	S_E02	3.182660466819674	0.9673166045487261
formate	S_E03	1.7539995461583981	0.9673166045487261
formate	S_E04	1.8459430707554108	0.9673166045487261
formate	S_E05	1.640838285115921	0.9673166045487261
formate	S_E06	2.2879792467025877	0.9673166045487261
formate	S_E07	0.0	0.9673166045487261
formate	S_E08	0.0	0.9673166045487261
formate	S_E09	2.319805851370784	0.9673166045487261
formate	S_E10	2.256641138469071	0.9673166045487261
formate	S_E11	2.528446926417852	0.9673166045487261
formate	S_E12	1.9449591741675782	0.9673166045487261
formate	S_F01	0.0	0.9673166045487261
formate	S_F02	0.0	0.9673166045487261
formate	S_F03	0.0	0.9673166045487261
formate	S_F04	5.346869584257052	0.9673166045487261
formate	S_F05	1.8247253343099463	0.9673166045487261
formate	S_F06	8.151147084465942	0.9673166045487261
formate	S_F07	1.5312133134810209	0.9673166045487261
formate	S_F08	3.065962916369619	0.9673166045487261
formate	S_F09	0.0	0.9673166045487261
formate	S_F10	2.097348822812431	0.9673166045487261
formate	S_F11	0.9760158764913666	0.9673166045487261
formate	S_F12	0.9477255612307474	0.9673166045487261
fructose_mannitol_sorbitol	S_A01	0.0	0.9637060662141629
fructose_mannitol_sorbitol	S_A02	0.0	0.9637060662141629
fructose_mannitol_sorbitol	S_A03	0.0	0.9637060662141629
fructose_mannitol_sorbitol	S_A04	0.8607504214540548	0.9637060662141629
fructose_mannitol_sorbitol	S_A05	0.8550495631756359	0.9637060662141629
fructose_mannitol_sorbitol	S_A06	0.4871858470432159	0.9637060662141629
fructose_mannitol_sorbitol	S_A07	0.0	0.9637060662141629
fructose_mannitol_sorbitol	S_A08	0.0	0.9637060662141629
fructose_mannitol_sorbitol	S_A09	0.0	0.9637060662141629
fructose_mannitol_sorbitol	S_A10	0.07110237130583583	0.9637060662141629
fructose_mannitol_sorbitol	S_A11	0.2649315527720787	0.9637060662141629
fructose_mannitol_sorbitol	S_A12	0.17545974923578195	0.9637060662141629
fructose_mannitol_sorbitol	S_B01	0.0	0.9637060662141629
fructose_mannitol_sorbitol	S_B02	0.0	0.9637060662141629
fructose_mannitol_sorbitol	S_B03	0.0	0.9637060662141629
fructose_mannitol_sorbitol	S_B04	1.5974279967652982	0.9637060662141629
fructose_mannitol_sorbitol	S_B05	0.4398370518974588	0.9637060662141629
fructose_mannitol_sorbitol	S_B06	0.0	0.9637060662141629
fructose_mannitol_sorbitol	S_B07	0.0	0.9637060662141629
fructose_mannitol_sorbitol	S_B08	1.2721623605466195	0.9637060662141629
fructose_mannitol_sorbitol	S_B09	0.0	0.9637060662141629
fructose_mannitol_sorbitol	S_B10	0.0	0.9637060662141629
fructose_mannitol_sorbitol	S_B11	0.0	0.9637060662141629
fructose_mannitol_sorbitol	S_B12	0.0	0.9637060662141629
fructose_mannitol_sorbitol	S_C01	0.0	0.9637060662141629
fructose_mannitol_sorbitol	S_C02	0.0	0.9637060662141629
fructose_mannitol_sorbitol	S_C03	1.0035094141761285	0.9637060662141629
fructose_mannitol_sorbitol	S_C04	0.8578208137276452	0.9637060662141629
fructose_mannitol_sorbitol	S_C05	0.2289052955959592	0.9637060662141629
fructose_mannitol_sorbitol	S_C06	0.3366673527755166	0.9637060662141629
fructose_mannitol_sorbitol	S_C07	3.2846036143676507	0.9637060662141629
fructose_mannitol_sorbitol	S_C08	0.5823585088579315	0.9637060662141629
fructose_mannitol_sorbitol	S_C09	0.6297864825908889	0.9637060662141629
fructose_mannitol_sorbitol	S_C10	0.5912265106243609	0.9637060662141629
fructose_mannitol_sorbitol	S_C11	1.3087428678331408	0.9637060662141629
fructose_mannitol_sorbitol	S_C12	0.4526639830239014	0.9637060662141629
fructose_mannitol_sorbitol	S_D01	1.4854915460376155	0.9984197031411944
fructose_mannitol_sorbitol	S_D02	3.4772270345157654	0.9984197031411944
fructose_mannitol_sorbitol	S_D03	1.366669600335696	0.9984197031411944
fructose_mannitol_sorbitol	S_D04	3.194181536698123	0.9984197031411944
fructose_mannitol_sorbitol	S_D05	0.976751149631957	0.9984197031411944
fructose_mannitol_sorbitol	S_D06	0.7985182310790779	0.9984197031411944
fructose_mannitol_sorbitol	S_D07	2.1263045987262115	0.9984197031411944
fructose_mannitol_sorbitol	S_D08	2.8840931866259294	0.9984197031411944
fructose_mannitol_sorbitol	S_D09	0.019658841107904394	0.9984197031411944
fructose_mannitol_sorbitol	S_D10	0.6875163768675957	0.9984197031411944
fructose_mannitol_sorbitol	S_D11	0.6792618358499121	0.9984197031411944
fructose_mannitol_sorbitol	S_D12	0.642333626033959	0.9984197031411944
fructose_mannitol_sorbitol	S_E01	0.2868453003645055	0.9984197031411944
fructose_mannitol_sorbitol	S_E02	0.23253910945869227	0.9984197031411944
fructose_mannitol_sorbitol	S_E03	0.21070802071455538	0.9984197031411944
fructose_mannitol_sorbitol	S_E04	0.45345669406354056	0.9984197031411944
fructose_mannitol_sorbitol	S_E05	0.5092834583147166	0.9984197031411944
fructose_mannitol_sorbitol	S_E06	0.4592131502995568	0.9984197031411944
fructose_mannitol_sorbitol	S_E07	0.6694867214868656	0.9984197031411944
fructose_mannitol_sorbitol	S_E08	1.3592839583725054	0.9984197031411944
fructose_mannitol_sorbitol	S_E09	1.6575335588272317	0.9984197031411944
fructose_mannitol_sorbitol	S_E10	1.2700799242476681	0.9984197031411944
fructose_mannitol_sorbitol	S_E11	0.7777732661530573	0.9984197031411944
fructose_mannitol_sorbitol	S_E12	0.9188607501263601	0.9984197031411944
fructose_mannitol_sorbitol	S_F01	1.6863158400073126	0.9984197031411944
fructose_mannitol_sorbitol	S_F02	0.6258245439985918	0.9984197031411944
fructose_mannitol_sorbitol	S_F03	0.45432559311803355	0.9984197031411944
fructose_mannitol_sorbitol	S_F04	0.43216866722846176	0.9984197031411944
fructose_mannitol_sorbitol	S_F05	0.1382635620462005	0.9984197031411944
fructose_mannitol_sorbitol	S_F06	0.6145288562901826	0.9984197031411944
fructose_mannitol_sorbitol	S_F07	0.707718279884558	0.9984197031411944
fructose_mannitol_sorbitol	S_F08	0.5367623909130581	0.9984197031411944
fructose_mannitol_sorbitol	S_F09	1.2938898457859527	0.9984197031411944
fructose_mannitol_sorbitol	S_F10	1.065086284702301	0.9984197031411944
fructose_mannitol_sorbitol	S_F11	1.289011747340383	0.9984197031411944
fructose_mannitol_sorbitol	S_F12	1.2768471605774807	0.9984197031411944
glucose	S_A01	5.989208460083913	0.9695430994723082
glucose	S_A02	8.964266914193786	0.9695430994723082
glucose	S_A03	7.194895799223084	0.9695430994723082
glucose	S_A04	1.6622110567136898	0.9695430994723082
glucose	S_A05	4.81482169918563	0.9695430994723082
glucose	S_A06	4.290229475218263	0.9695430994723082
glucose	S_A07	11.120726402868392	0.9695430994723082
glucose	S_A08	11.90392427762947	0.9695430994723082
glucose	S_A09	10.390698505992493	0.9695430994723082
glucose	S_A10	3.2559435557912018	0.9695430994723082
glucose	S_A11	8.940757309576176	0.9695430994723082
glucose	S_A12	8.84138822494244	0.9695430994723082
glucose	S_B01	11.33969376680683	0.9695430994723082
glucose	S_B02	13.381475591096699	0.9695430994723082
glucose	S_B03	14.643339950572136	0.9695430994723082
glucose	S_B04	9.051197777779834	0.9695430994723082
glucose	S_B05	1.3746284513912983	0.9695430994723082
glucose	S_B06	2.6025952414180877	0.9695430994723082
glucose	S_B07	0.9664907805297674	0.9695430994723082
glucose	S_B08	5.776938599786539	0.9695430994723082
glucose	S_B09	0.9518656195176496	0.9695430994723082
glucose	S_B10	0.6220477361322262	0.9695430994723082
glucose	S_B11	1.9279242623917932	0.9695430994723082
glucose	S_B12	5.049499895346003	0.9695430994723082
glucose	S_C01	2.5077367204609873	0.9695430994723082
glucose	S_C02	6.447942924401752	0.9695430994723082
glucose	S_C03	2.5669207832483423	0.9695430994723082
glucose	S_C04	1.1238137742208665	0.9695430994723082
glucose	S_C05	1.7956143945438487	0.9695430994723082
glucose	S_C06	2.164250462297884	0.9695430994723082
glucose	S_C07	2.70494263618356	0.9695430994723082
glucose	S_C08	3.18978862186723	0.9695430994723082
glucose	S_C09	3.5339582987692175	0.9695430994723082
glucose	S_C10	1.2893377927785739	0.9695430994723082
glucose	S_C11	1.311207192422862	0.9695430994723082
glucose	S_C12	2.0760894449818466	0.9695430994723082
glucose	S_D01	2.3494440420820824	0.9985548003929674
glucose	S_D02	8.360201552163273	0.9985548003929674
glucose	S_D03	2.873553492989265	0.9985548003929674
glucose	S_D04	11.232949890998638	0.9985548003929674
glucose	S_D05	0.6439360166191169	0.9985548003929674
glucose	S_D06	0.5713724218404825	0.9985548003929674
glucose	S_D07	4.685007880804571	0.9985548003929674
glucose	S_D08	1.330918233530644	0.9985548003929674
glucose	S_D09	1.4310665362517618	0.9985548003929674
glucose	S_D10	13.90163861035137	0.9985548003929674
glucose	S_D11	15.67689905016571	0.9985548003929674
glucose	S_D12	13.025428810929942	0.9985548003929674
glucose	S_E01	14.349846189722548	0.9985548003929674
glucose	S_E02	15.383130695517098	0.9985548003929674
glucose	S_E03	13.605234774052201	0.9985548003929674
glucose	S_E04	13.698530824481875	0.9985548003929674
glucose	S_E05	17.350605597045302	0.9985548003929674
glucose	S_E06	19.991709608455555	0.9985548003929674
glucose	S_E07	21.46845782665028	0.9985548003929674
glucose	S_E08	18.005962034150162	0.9985548003929674
glucose	S_E09	23.005470725254384	0.9985548003929674
glucose	S_E10	0.38648454635276736	0.9985548003929674
glucose	S_E11	0.30255329348379795	0.9985548003929674
glucose	S_E12	0.10067539905122894	0.9985548003929674
glucose	S_F01	2.5360361429414278	0.9985548003929674
glucose	S_F02	0.6996325288341948	0.9985548003929674
glucose	S_F03	0.5058367781299966	0.9985548003929674
glucose	S_F04	20.76759540637916	0.9985548003929674
glucose	S_F05	24.09779002002138	0.9985548003929674
glucose	S_F06	19.967990273600552	0.9985548003929674
glucose	S_F07	0.700686721494417	0.9985548003929674
glucose	S_F08	0.5906992872778912	0.9985548003929674
glucose	S_F09	2.4563533181505917	0.9985548003929674
glucose	S_F10	0.8225657443876645	0.9985548003929674
glucose	S_F11	2.667634526692511	0.9985548003929674
glucose	S_F12	3.1992990249979534	0.9985548003929674
isobutyrate	S_D01	17.768492276916675	0.2784868502741762
isobutyrate	S_D02	93.09341593504045	0.2784868502741762
isobutyrate	S_D03	16.852065741144468	0.2784868502741762
isobutyrate	S_D04	14.828761887474554	0.2784868502741762
isobutyrate	S_D05	6.844914248668951	0.2784868502741762
isobutyrate	S_D06	2.6851674628387294	0.2784868502741762
isobutyrate	S_D07	1.6442879407270872	0.2784868502741762
isobutyrate	S_D08	2.462660608474284	0.2784868502741762
isobutyrate	S_D09	3.373430190321971	0.2784868502741762
isobutyrate	S_D10	2.0383890641352993	0.2784868502741762
isobutyrate	S_D11	2.2099833331790664	0.2784868502741762
isobutyrate	S_D12	0.8372291808289296	0.2784868502741762
isobutyrate	S_E01	0.0	0.2784868502741762
isobutyrate	S_E02	0.0	0.2784868502741762
isobutyrate	S_E03	4.32002714702495	0.2784868502741762
isobutyrate	S_E04	2.681396160222383	0.2784868502741762
isobutyrate	S_E05	4.395453199351881	0.2784868502741762
isobutyrate	S_E06	0.4940406427413954	0.2784868502741762
isobutyrate	S_E07	7.054221543876184	0.2784868502741762
isobutyrate	S_E08	8.146013651308504	0.2784868502741762
isobutyrate	S_E09	5.909631199815013	0.2784868502741762
isobutyrate	S_E10	7.335919728944338	0.2784868502741762
isobutyrate	S_E11	5.194969354017345	0.2784868502741762
isobutyrate	S_E12	3.8618138791388468	0.2784868502741762
isobutyrate	S_F01	4.619845705024499	0.2784868502741762
isobutyrate	S_F02	2.062902531141552	0.2784868502741762
isobutyrate	S_F03	3.507311433202273	0.2784868502741762
isobutyrate	S_F04	5.8907746867332795	0.2784868502741762
isobutyrate	S_F05	0.0	0.2784868502741762
isobutyrate	S_F06	7.829224231535396	0.2784868502741762
isobutyrate	S_F07	5.604155687890944	0.2784868502741762
isobutyrate	S_F08	7.45020831859257	0.2784868502741762
isobutyrate	S_F09	3.0804633983371055	0.2784868502741762
isobutyrate	S_F10	6.704537984616053	0.2784868502741762
isobutyrate	S_F11	2.3664923917574474	0.2784868502741762
isobutyrate	S_F12	3.5676522750638173	0.2784868502741762
lactate	S_A01	5.662931159960213	0.294089394655733
lactate	S_A02	2.9557154059946242	0.294089394655733
lactate	S_A03	3.4228581588216302	0.294089394655733
lactate	S_A04	2.6524926043554458	0.294089394655733
lactate	S_A05	0.0	0.294089394655733
lactate	S_A06	0.05172917789894924	0.294089394655733
lactate	S_A07	2.069416613600569	0.294089394655733
lactate	S_A08	1.1327192974014288	0.294089394655733
lactate	S_A09	3.474836834363179	0.294089394655733
lactate	S_A10	7.860173732452559	0.294089394655733
lactate	S_A11	11.329687950440283	0.294089394655733
lactate	S_A12	10.591008596584226	0.294089394655733
lactate	S_B01	0.16500110763909212	0.294089394655733
lactate	S_B02	0.1368910399062226	0.294089394655733
lactate	S_B03	0.0627902400541908	0.294089394655733
lactate	S_B04	0.13639204462102372	0.294089394655733
lactate	S_B05	0.47254853508332734	0.294089394655733
lactate	S_B06	0.0462402297617617	0.294089394655733
lactate	S_B07	1.6070143159829522	0.294089394655733
lactate	S_B08	4.010508273024163	0.294089394655733
lactate	S_B09	1.4732004136687893	0.294089394655733
lactate	S_B10	0.0	0.294089394655733
lactate	S_B11	0.2978170193828573	0.294089394655733
lactate	S_B12	0.057317026002572595	0.294089394655733
lactate	S_C01	0.1116917780036798	0.294089394655733
lactate	S_C02	0.5034907382186768	0.294089394655733
lactate	S_C03	0.46315079054541536	0.294089394655733
lactate	S_C04	0.22820717709761532	0.294089394655733
lactate	S_C05	0.0	0.294089394655733
lactate	S_C06	0.18795489075824	0.294089394655733
lactate	S_C07	2.505216068983903	0.294089394655733
lactate	S_C08	0.0	0.294089394655733
lactate	S_C09	0.0	0.294089394655733
lactate	S_C10	0.0	0.294089394655733
lactate	S_C11	2.3554240779003868	0.294089394655733
lactate	S_C12	0.0	0.294089394655733
lactate	S_D01	2.265837479482431	0.996476861135709
lactate	S_D02	5.0760444710214	0.996476861135709
lactate	S_D03	1.120174242372901	0.996476861135709
lactate	S_D04	45.0766164287088	0.996476861135709
lactate	S_D05	1.3871379240881194	0.996476861135709
lactate	S_D06	1.5910498819811507	0.996476861135709
lactate	S_D07	19.285778333356678	0.996476861135709
lactate	S_D08	19.74592176465477	0.996476861135709
lactate	S_D09	7.4622385906578	0.996476861135709
lactate	S_D10	61.150110662230865	0.996476861135709
lactate	S_D11	69.05102826756642	0.996476861135709
lactate	S_D12	80.93292439295179	0.996476861135709
lactate	S_E01	36.722263022269	0.996476861135709
lactate	S_E02	59.227703848673535	0.996476861135709
lactate	S_E03	78.59933984851149	0.996476861135709
lactate	S_E04	0.962544932817433	0.996476861135709
lactate	S_E05	9.559043789255218	0.996476861135709
lactate	S_E06	7.375039398137753	0.996476861135709
lactate	S_E07	8.499238218626964	0.996476861135709
lactate	S_E08	4.500819860073154	0.996476861135709
lactate	S_E09	13.477641348502218	0.996476861135709
lactate	S_E10	0.7533494572071443	0.996476861135709
lactate	S_E11	0.8880902376657013	0.996476861135709
lactate	S_E12	1.2234717473581866	0.996476861135709
lactate	S_F01	0.8384537742312134	0.996476861135709
lactate	S_F02	7.91567439176204	0.996476861135709
lactate	S_F03	13.621855397669986	0.996476861135709
lactate	S_F04	8.60790182776733	0.996476861135709
lactate	S_F05	2.0337534747752315	0.996476861135709
lactate	S_F06	21.383254294973483	0.996476861135709
lactate	S_F07	0.3870302621851281	0.996476861135709
lactate	S_F08	2.1578446333614507	0.996476861135709
lactate	S_F09	1.9166096484828818	0.996476861135709
lactate	S_F10	1.4684271505454765	0.996476861135709
lactate	S_F11	1.6346494782411738	0.996476861135709
lactate	S_F12	1.6862982307338164	0.996476861135709
methanol	S_A01	1.4281380704096538	0.35075278581237623
methanol	S_A02	1.4703669991939687	0.35075278581237623
methanol	S_A03	1.4614353306693675	0.35075278581237623
methanol	S_A04	1.36190081663121	0.35075278581237623
methanol	S_A05	1.8026965216573347	0.35075278581237623
methanol	S_A06	1.5491085889068539	0.35075278581237623
methanol	S_A07	1.2835879470075058	0.35075278581237623
methanol	S_A08	2.0529976003907624	0.35075278581237623
methanol	S_A09	1.6685785870919214	0.35075278581237623
methanol	S_A10	1.4667943317841283	0.35075278581237623
methanol	S_A11	1.3998425445237166	0.35075278581237623
methanol	S_A12	1.2862317208907876	0.35075278581237623
methanol	S_B01	1.4992341518654801	0.35075278581237623
methanol	S_B02	2.04678115909764	0.35075278581237623
methanol	S_B03	1.8949427941794175	0.35075278581237623
methanol	S_B04	1.500163045392039	0.35075278581237623
methanol	S_B05	1.455433249420835	0.35075278581237623
methanol	S_B06	0.0	0.35075278581237623
methanol	S_B07	1.4937322440543257	0.35075278581237623
methanol	S_B08	0.0	0.35075278581237623
methanol	S_B09	0.0	0.35075278581237623
methanol	S_B10	0.0	0.35075278581237623
methanol	S_B11	0.0	0.35075278581237623
methanol	S_B12	0.0	0.35075278581237623
methanol	S_C01	0.0	0.35075278581237623
methanol	S_C02	4.628159961732757	0.35075278581237623
methanol	S_C03	1.488373242939565	0.35075278581237623
methanol	S_C04	1.5571113639048968	0.35075278581237623
methanol	S_C05	1.3895532623833757	0.35075278581237623
methanol	S_C06	1.3776920065827052	0.35075278581237623
methanol	S_C07	5.9222594901861045	0.35075278581237623
methanol	S_C08	1.3639015103807208	0.35075278581237623
methanol	S_C09	1.8234179926344098	0.35075278581237623
methanol	S_C10	1.8458543439682085	0.35075278581237623
methanol	S_C11	1.7649691538094188	0.35075278581237623
methanol	S_C12	1.4567908630365747	0.35075278581237623
methanol	S_D01	1.5457688390749669	0.29169928010733137
methanol	S_D02	3.7960037702203913	0.29169928010733137
methanol	S_D03	0.948643365156905	0.29169928010733137
methanol	S_D04	1.5081603675360395	0.29169928010733137
methanol	S_D05	1.4368862480872664	0.29169928010733137
methanol	S_D06	1.539460321268437	0.29169928010733137
methanol	S_D07	1.3113224802073002	0.29169928010733137
methanol	S_D08	1.3799882701783739	0.29169928010733137
methanol	S_D09	1.2428386667114153	0.29169928010733137
methanol	S_D10	1.4401618246406571	0.29169928010733137
methanol	S_D11	1.24860125509238	0.29169928010733137
methanol	S_D12	1.5801623928855664	0.29169928010733137
methanol	S_E01	1.7497038089360522	0.29169928010733137
methanol	S_E02	1.3579084578555196	0.29169928010733137
methanol	S_E03	1.4108029533102688	0.29169928010733137
methanol	S_E04	1.3272757511988131	0.29169928010733137
methanol	S_E05	1.9994361917195407	0.29169928010733137
methanol	S_E06	1.7502497383616173	0.29169928010733137
methanol	S_E07	2.2807718223607405	0.29169928010733137
methanol	S_E08	1.8875206594787013	0.29169928010733137
methanol	S_E09	1.8059345397692546	0.29169928010733137
methanol	S_E10	2.2280733295959845	0.29169928010733137
methanol	S_E11	1.4911758965184598	0.29169928010733137
methanol	S_E12	1.5031863438808915	0.29169928010733137
methanol	S_F01	1.4321548597323692	0.29169928010733137
methanol	S_F02	2.347193235804491	0.29169928010733137
methanol	S_F03	2.1421664070922755	0.29169928010733137
methanol	S_F04	1.6831004190171135	0.29169928010733137
methanol	S_F05	1.9608571789796092	0.29169928010733137
methanol	S_F06	1.6262024411082205	0.29169928010733137
methanol	S_F07	1.4886888846908857	0.29169928010733137
methanol	S_F08	1.765657079927565	0.29169928010733137
methanol	S_F09	2.3908320689161013	0.29169928010733137
methanol	S_F10	2.4268994784128926	0.29169928010733137
methanol	S_F11	1.374286340622472	0.29169928010733137
methanol	S_F12	1.4791047903309655	0.29169928010733137
pre_sialic_acid	S_A01	69.03940191897568	0.18626825644616163
pre_sialic_acid	S_A02	65.93075210689751	0.18626825644616163
pre_sialic_acid	S_A03	65.09827789801366	0.18626825644616163
pre_sialic_acid	S_A04	113.54190631819174	0.18626825644616163
pre_sialic_acid	S_A05	160.56421631141296	0.18626825644616163
pre_sialic_acid	S_A06	151.95280006377578	0.18626825644616163
pre_sialic_acid	S_A07	79.94851585380111	0.18626825644616163
pre_sialic_acid	S_A08	69.90286792881075	0.18626825644616163
pre_sialic_acid	S_A09	81.64015165572125	0.18626825644616163
pre_sialic_acid	S_A10	84.33471657175689	0.18626825644616163
pre_sialic_acid	S_A11	82.94180729567202	0.18626825644616163
pre_sialic_acid	S_A12	72.29181925213308	0.18626825644616163
pre_sialic_acid	S_B01	69.43885179790239	0.18626825644616163
pre_sialic_acid	S_B02	77.82729925536285	0.18626825644616163
pre_sialic_acid	S_B03	89.68941106943792	0.18626825644616163
pre_sialic_acid	S_B04	117.81877484945852	0.18626825644616163
pre_sialic_acid	S_B05	78.70626116567351	0.18626825644616163
pre_sialic_acid	S_B06	156.43972413482297	0.18626825644616163
pre_sialic_acid	S_B07	104.8452626179387	0.18626825644616163
pre_sialic_acid	S_B08	105.09491879226788	0.18626825644616163
pre_sialic_acid	S_B09	102.77225548764673	0.18626825644616163
pre_sialic_acid	S_B10	120.40400757880516	0.18626825644616163
pre_sialic_acid	S_B11	105.86885293268833	0.18626825644616163
pre_sialic_acid	S_B12	156.10167876508822	0.18626825644616163
pre_sialic_acid	S_C01	104.38124648703032	0.18626825644616163
pre_sialic_acid	S_C02	352.25123778836564	0.18626825644616163
pre_sialic_acid	S_C03	113.38178201327716	0.18626825644616163
pre_sialic_acid	S_C04	128.84238627113146	0.18626825644616163
pre_sialic_acid	S_C05	200.55569190550864	0.18626825644616163
pre_sialic_acid	S_C06	188.9010529811347	0.18626825644616163
pre_sialic_acid	S_C07	311.7948903504725	0.18626825644616163
pre_sialic_acid	S_C08	217.21206315006376	0.18626825644616163
pre_sialic_acid	S_C09	211.0472774108525	0.18626825644616163
pre_sialic_acid	S_C10	166.8985960724961	0.18626825644616163
pre_sialic_acid	S_C11	133.3207015085811	0.18626825644616163
pre_sialic_acid	S_C12	206.0171359397994	0.18626825644616163
pre_sialic_acid	S_D01	123.08338142150433	0.11749349121163322
pre_sialic_acid	S_D02	720.380673863876	0.11749349121163322
pre_sialic_acid	S_D03	264.37359669483	0.11749349121163322
pre_sialic_acid	S_D04	122.84823992716656	0.11749349121163322
pre_sialic_acid	S_D05	124.26482405159165	0.11749349121163322
pre_sialic_acid	S_D06	92.9795349878717	0.11749349121163322
pre_sialic_acid	S_D07	122.33551676634225	0.11749349121163322
pre_sialic_acid	S_D08	118.54228300158618	0.11749349121163322
pre_sialic_acid	S_D09	125.93375514554994	0.11749349121163322
pre_sialic_acid	S_D10	124.38296831460038	0.11749349121163322
pre_sialic_acid	S_D11	134.59728542229703	0.11749349121163322
pre_sialic_acid	S_D12	138.59010269932025	0.11749349121163322
pre_sialic_acid	S_E01	108.61931194053244	0.11749349121163322
pre_sialic_acid	S_E02	122.52248293013277	0.11749349121163322
pre_sialic_acid	S_E03	133.63377881135202	0.11749349121163322
pre_sialic_acid	S_E04	131.03116393012084	0.11749349121163322
pre_sialic_acid	S_E05	128.00644139076135	0.11749349121163322
pre_sialic_acid	S_E06	119.7569895503847	0.11749349121163322
pre_sialic_acid	S_E07	126.58182804457842	0.11749349121163322
pre_sialic_acid	S_E08	119.61705168546175	0.11749349121163322
pre_sialic_acid	S_E09	131.24680588590377	0.11749349121163322
pre_sialic_acid	S_E10	219.6410662337609	0.11749349121163322
pre_sialic_acid	S_E11	157.5241546360691	0.11749349121163322
pre_sialic_acid	S_E12	167.95755479458776	0.11749349121163322
pre_sialic_acid	S_F01	169.73430686643752	0.11749349121163322
pre_sialic_acid	S_F02	150.1923281394496	0.11749349121163322
pre_sialic_acid	S_F03	130.47485356546807	0.11749349121163322
pre_sialic_acid	S_F04	137.12649027602762	0.11749349121163322
pre_sialic_acid	S_F05	139.1877062044421	0.11749349121163322
pre_sialic_acid	S_F06	156.3128891823097	0.11749349121163322
pre_sialic_acid	S_F07	134.6041676123752	0.11749349121163322
pre_sialic_acid	S_F08	165.43179103589625	0.11749349121163322
pre_sialic_acid	S_F09	213.80773845728677	0.11749349121163322
pre_sialic_acid	S_F10	245.6662850203865	0.11749349121163322
pre_sialic_acid	S_F11	198.30916007103482	0.11749349121163322
pre_sialic_acid	S_F12	188.2187223847454	0.11749349121163322
propionate	S_A01	0.33704496749224966	0.8273075975019383
propionate	S_A02	0.5029479307656368	0.8273075975019383
propionate	S_A03	0.2872740785102335	0.8273075975019383
propionate	S_A04	6.285102787588635	0.8273075975019383
propionate	S_A05	7.5101651953389625	0.8273075975019383
propionate	S_A06	6.5260986710805025	0.8273075975019383
propionate	S_A07	0.28902042549205864	0.8273075975019383
propionate	S_A08	0.4601624297109212	0.8273075975019383
propionate	S_A09	0.10827351287315792	0.8273075975019383
propionate	S_A10	0.1519321874187861	0.8273075975019383
propionate	S_A11	-0.000873173490912564	0.8273075975019383
propionate	S_A12	0.07247339974574281	0.8273075975019383
propionate	S_B01	0.23575684254639226	0.8273075975019383
propionate	S_B02	0.0	0.8273075975019383
propionate	S_B03	0.0	0.8273075975019383
propionate	S_B04	26.422229835014182	0.8273075975019383
propionate	S_B05	24.531809227188486	0.8273075975019383
propionate	S_B06	34.40390871544593	0.8273075975019383
propionate	S_B07	39.02125013539157	0.8273075975019383
propionate	S_B08	20.367644849026465	0.8273075975019383
propionate	S_B09	29.069691859461077	0.8273075975019383
propionate	S_B10	12.800723376778187	0.8273075975019383
propionate	S_B11	8.485499984688296	0.8273075975019383
propionate	S_B12	15.457530717506199	0.8273075975019383
propionate	S_C01	8.725622694689251	0.8273075975019383
propionate	S_C02	22.967347167877318	0.8273075975019383
propionate	S_C03	12.610371555759247	0.8273075975019383
propionate	S_C04	11.247347736444736	0.8273075975019383
propionate	S_C05	11.955491437574825	0.8273075975019383
propionate	S_C06	15.211555385187776	0.8273075975019383
propionate	S_C07	14.067795131369085	0.8273075975019383
propionate	S_C08	18.789820350947462	0.8273075975019383
propionate	S_C09	16.712540616066473	0.8273075975019383
propionate	S_C10	15.883025799699537	0.8273075975019383
propionate	S_C11	8.815559564253245	0.8273075975019383
propionate	S_C12	13.022509443469978	0.8273075975019383
propionate	S_D01	19.216555952052666	0.8765695056974235
propionate	S_D02	43.49064036288577	0.8765695056974235
propionate	S_D03	18.034761931169776	0.8765695056974235
propionate	S_D04	4.299745737980803	0.8765695056974235
propionate	S_D05	10.681942296397873	0.8765695056974235
propionate	S_D06	7.32864946642231	0.8765695056974235
propionate	S_D07	23.10286459984301	0.8765695056974235
propionate	S_D08	23.689309210851633	0.8765695056974235
propionate	S_D09	19.791551535948326	0.8765695056974235
propionate	S_D10	1.096562374597471	0.8765695056974235
propionate	S_D11	1.1398142548020118	0.8765695056974235
propionate	S_D12	0.9725312475403326	0.8765695056974235
propionate	S_E01	0.7995237267221701	0.8765695056974235
propionate	S_E02	1.5055470653551128	0.8765695056974235
propionate	S_E03	2.067185450952309	0.8765695056974235
propionate	S_E04	1.179885849697395	0.8765695056974235
propionate	S_E05	0.0	0.8765695056974235
propionate	S_E06	0.7785338436817313	0.8765695056974235
propionate	S_E07	0.9248269679029716	0.8765695056974235
propionate	S_E08	1.270205952477465	0.8765695056974235
propionate	S_E09	1.6976362980282194	0.8765695056974235
propionate	S_E10	9.526530317971487	0.8765695056974235
propionate	S_E11	7.583708348216733	0.8765695056974235
propionate	S_E12	7.986968525417892	0.8765695056974235
propionate	S_F01	17.75171653865477	0.8765695056974235
propionate	S_F02	0.7321016781680332	0.8765695056974235
propionate	S_F03	1.5844181410222162	0.8765695056974235
propionate	S_F04	1.3936010224727724	0.8765695056974235
propionate	S_F05	1.7930448573029416	0.8765695056974235
propionate	S_F06	1.4082303348948961	0.8765695056974235
propionate	S_F07	5.541965179737683	0.8765695056974235
propionate	S_F08	5.293902925623406	0.8765695056974235
propionate	S_F09	12.53490831312038	0.8765695056974235
propionate	S_F10	5.684401849881333	0.8765695056974235
propionate	S_F11	15.910331344652635	0.8765695056974235
propionate	S_F12	12.547497658749602	0.8765695056974235
raffinose	S_A01	0.0	0.8836603583530868
raffinose	S_A02	0.0	0.8836603583530868
raffinose	S_A03	0.0	0.8836603583530868
raffinose	S_A04	0.0	0.8836603583530868
raffinose	S_A05	0.0	0.8836603583530868
raffinose	S_A06	0.0	0.8836603583530868
raffinose	S_A07	0.0	0.8836603583530868
raffinose	S_A08	0.0	0.8836603583530868
raffinose	S_A09	0.0	0.8836603583530868
raffinose	S_A10	0.0	0.8836603583530868
raffinose	S_A11	0.0	0.8836603583530868
raffinose	S_A12	0.0	0.8836603583530868
raffinose	S_B01	0.0	0.8836603583530868
raffinose	S_B02	0.0	0.8836603583530868
raffinose	S_B03	0.0	0.8836603583530868
raffinose	S_B04	0.0	0.8836603583530868
raffinose	S_B05	0.0	0.8836603583530868
raffinose	S_B06	0.0	0.8836603583530868
raffinose	S_B07	0.0	0.8836603583530868
raffinose	S_B08	0.0	0.8836603583530868
raffinose	S_B09	0.0	0.8836603583530868
raffinose	S_B10	0.0	0.8836603583530868
raffinose	S_B11	0.0	0.8836603583530868
raffinose	S_B12	0.0	0.8836603583530868
raffinose	S_C01	0.0	0.8836603583530868
raffinose	S_C02	0.0	0.8836603583530868
raffinose	S_C03	0.0	0.8836603583530868
raffinose	S_C04	0.0	0.8836603583530868
raffinose	S_C05	0.0	0.8836603583530868
raffinose	S_C06	0.0	0.8836603583530868
raffinose	S_C07	0.0	0.8836603583530868
raffinose	S_C08	0.0	0.8836603583530868
raffinose	S_C09	0.0	0.8836603583530868
raffinose	S_C10	0.0	0.8836603583530868
raffinose	S_C11	0.0	0.8836603583530868
raffinose	S_C12	0.0	0.8836603583530868
raffinose	S_D01	0.0	0.9954831612672821
raffinose	S_D02	0.0	0.9954831612672821
raffinose	S_D03	0.0	0.9954831612672821
raffinose	S_D04	0.0	0.9954831612672821
raffinose	S_D05	0.0	0.9954831612672821
raffinose	S_D06	0.0	0.9954831612672821
raffinose	S_D07	0.0	0.9954831612672821
raffinose	S_D08	0.0	0.9954831612672821
raffinose	S_D09	0.0	0.9954831612672821
raffinose	S_D10	0.0	0.9954831612672821
raffinose	S_D11	0.0	0.9954831612672821
raffinose	S_D12	0.0	0.9954831612672821
raffinose	S_E01	0.0	0.9954831612672821
raffinose	S_E02	0.0	0.9954831612672821
raffinose	S_E03	0.0	0.9954831612672821
raffinose	S_E04	0.0	0.9954831612672821
raffinose	S_E05	0.0	0.9954831612672821
raffinose	S_E06	0.0	0.9954831612672821
raffinose	S_E07	0.0	0.9954831612672821
raffinose	S_E08	0.0	0.9954831612672821
raffinose	S_E09	0.0	0.9954831612672821
raffinose	S_E10	0.0	0.9954831612672821
raffinose	S_E11	0.0	0.9954831612672821
raffinose	S_E12	0.0	0.9954831612672821
raffinose	S_F01	0.0	0.9954831612672821
raffinose	S_F02	0.0	0.9954831612672821
raffinose	S_F03	0.0	0.9954831612672821
raffinose	S_F04	0.0	0.9954831612672821
raffinose	S_F05	0.0	0.9954831612672821
raffinose	S_F06	0.0	0.9954831612672821
raffinose	S_F07	0.0	0.9954831612672821
raffinose	S_F08	0.0	0.9954831612672821
raffinose	S_F09	0.0	0.9954831612672821
raffinose	S_F10	0.0	0.9954831612672821
raffinose	S_F11	0.0	0.9954831612672821
raffinose	S_F12	0.0	0.9954831612672821
sialic_acid	S_A01	0.0	0.632527455612643
sialic_acid	S_A02	0.0	0.632527455612643
sialic_acid	S_A03	0.0	0.632527455612643
sialic_acid	S_A04	0.0	0.632527455612643
sialic_acid	S_A05	0.0	0.632527455612643
sialic_acid	S_A06	0.0	0.632527455612643
sialic_acid	S_A07	0.0	0.632527455612643
sialic_acid	S_A08	0.0	0.632527455612643
sialic_acid	S_A09	0.0	0.632527455612643
sialic_acid	S_A10	0.0	0.632527455612643
sialic_acid	S_A11	0.0	0.632527455612643
sialic_acid	S_A12	0.0	0.632527455612643
sialic_acid	S_B01	0.0	0.632527455612643
sialic_acid	S_B02	0.0	0.632527455612643
sialic_acid	S_B03	0.0	0.632527455612643
sialic_acid	S_B04	0.0	0.632527455612643
sialic_acid	S_B05	0.0	0.632527455612643
sialic_acid	S_B06	0.0	0.632527455612643
sialic_acid	S_B07	0.0	0.632527455612643
sialic_acid	S_B08	0.0	0.632527455612643
sialic_acid	S_B09	0.0	0.632527455612643
sialic_acid	S_B10	0.0	0.632527455612643
sialic_acid	S_B11	0.0	0.632527455612643
sialic_acid	S_B12	0.0	0.632527455612643
sialic_acid	S_C01	0.0	0.632527455612643
sialic_acid	S_C02	0.0	0.632527455612643
sialic_acid	S_C03	0.0	0.632527455612643
sialic_acid	S_C04	0.0	0.632527455612643
sialic_acid	S_C05	0.0	0.632527455612643
sialic_acid	S_C06	0.0	0.632527455612643
sialic_acid	S_C07	0.0	0.632527455612643
sialic_acid	S_C08	0.0	0.632527455612643
sialic_acid	S_C09	0.0	0.632527455612643
sialic_acid	S_C10	0.0	0.632527455612643
sialic_acid	S_C11	0.0	0.632527455612643
sialic_acid	S_C12	0.0	0.632527455612643
sialic_acid	S_D01	0.0	0.8691861869753852
sialic_acid	S_D02	0.0	0.8691861869753852
sialic_acid	S_D03	0.0	0.8691861869753852
sialic_acid	S_D04	0.0	0.8691861869753852
sialic_acid	S_D05	0.0	0.8691861869753852
sialic_acid	S_D06	0.0	0.8691861869753852
sialic_acid	S_D07	0.0	0.8691861869753852
sialic_acid	S_D08	0.0	0.8691861869753852
sialic_acid	S_D09	0.0	0.8691861869753852
sialic_acid	S_D10	0.0	0.8691861869753852
sialic_acid	S_D11	0.0	0.8691861869753852
sialic_acid	S_D12	4.348251102258245	0.8691861869753852
sialic_acid	S_E01	5.735202937714036	0.8691861869753852
sialic_acid	S_E02	0.0	0.8691861869753852
sialic_acid	S_E03	3.3731207260356864	0.8691861869753852
sialic_acid	S_E04	0.0	0.8691861869753852
sialic_acid	S_E05	0.0	0.8691861869753852
sialic_acid	S_E06	0.0	0.8691861869753852
sialic_acid	S_E07	0.0	0.8691861869753852
sialic_acid	S_E08	0.0	0.8691861869753852
sialic_acid	S_E09	0.0	0.8691861869753852
sialic_acid	S_E10	0.0	0.8691861869753852
sialic_acid	S_E11	0.0	0.8691861869753852
sialic_acid	S_E12	0.0	0.8691861869753852
sialic_acid	S_F01	0.0	0.8691861869753852
sialic_acid	S_F02	0.0	0.8691861869753852
sialic_acid	S_F03	0.0	0.8691861869753852
sialic_acid	S_F04	0.0	0.8691861869753852
sialic_acid	S_F05	0.0	0.8691861869753852
sialic_acid	S_F06	0.0	0.8691861869753852
sialic_acid	S_F07	0.0	0.8691861869753852
sialic_acid	S_F08	0.0	0.8691861869753852
sialic_acid	S_F09	0.0	0.8691861869753852
sialic_acid	S_F10	0.0	0.8691861869753852
sialic_acid	S_F11	0.0	0.8691861869753852
sialic_acid	S_F12	0.0	0.8691861869753852
succinate	S_A01	0.25538458523020624	0.9677967770646905
succinate	S_A02	0.3772324317200688	0.9677967770646905
succinate	S_A03	0.31418325533868646	0.9677967770646905
succinate	S_A04	7.124556931096212	0.9677967770646905
succinate	S_A05	3.7609896338062825	0.9677967770646905
succinate	S_A06	2.055119782948206	0.9677967770646905
succinate	S_A07	0.422216956441617	0.9677967770646905
succinate	S_A08	0.5437105940754045	0.9677967770646905
succinate	S_A09	0.7381712560606793	0.9677967770646905
succinate	S_A10	6.688525829267662	0.9677967770646905
succinate	S_A11	11.226649693302894	0.9677967770646905
succinate	S_A12	8.691931119228892	0.9677967770646905
succinate	S_B01	0.5529200243333591	0.9677967770646905
succinate	S_B02	0.5826735682436743	0.9677967770646905
succinate	S_B03	1.2613377364837233	0.9677967770646905
succinate	S_B04	3.3345221710917636	0.9677967770646905
succinate	S_B05	6.330774884631728	0.9677967770646905
succinate	S_B06	4.587713103885758	0.9677967770646905
succinate	S_B07	2.7755805962051263	0.9677967770646905
succinate	S_B08	8.139011094895533	0.9677967770646905
succinate	S_B09	3.7599270072380575	0.9677967770646905
succinate	S_B10	4.781819557014957	0.9677967770646905
succinate	S_B11	13.882507696154608	0.9677967770646905
succinate	S_B12	10.835280818047572	0.9677967770646905
succinate	S_C01	9.46835693174569	0.9677967770646905
succinate	S_C02	18.382695047121008	0.9677967770646905
succinate	S_C03	8.058959893422541	0.9677967770646905
succinate	S_C04	8.280694637325604	0.9677967770646905
succinate	S_C05	3.5707794780939097	0.9677967770646905
succinate	S_C06	12.88115926003007	0.9677967770646905
succinate	S_C07	10.329496100138416	0.9677967770646905
succinate	S_C08	11.681453864503428	0.9677967770646905
succinate	S_C09	6.167838810837145	0.9677967770646905
succinate	S_C10	8.148928942865638	0.9677967770646905
succinate	S_C11	10.862877198113683	0.9677967770646905
succinate	S_C12	9.742514586347882	0.9677967770646905
succinate	S_D01	14.785733329753185	0.9979849956591764
succinate	S_D02	12.947142156582197	0.9979849956591764
succinate	S_D03	16.86539228538828	0.9979849956591764
succinate	S_D04	12.30093538747874	0.9979849956591764
succinate	S_D05	7.3861211620718	0.9979849956591764
succinate	S_D06	14.058854300242826	0.9979849956591764
succinate	S_D07	0.9406910275046888	0.9979849956591764
succinate	S_D08	1.163905847590547	0.9979849956591764
succinate	S_D09	1.1164829187810972	0.9979849956591764
succinate	S_D10	11.294424605333347	0.9979849956591764
succinate	S_D11	9.159575172204498	0.9979849956591764
succinate	S_D12	4.002740482528643	0.9979849956591764
succinate	S_E01	8.198443227109529	0.9979849956591764
succinate	S_E02	10.95224364487206	0.9979849956591764
succinate	S_E03	18.8158646418528	0.9979849956591764
succinate	S_E04	5.564426586426039	0.9979849956591764
succinate	S_E05	11.558112442247962	0.9979849956591764
succinate	S_E06	6.2275299530547255	0.9979849956591764
succinate	S_E07	7.179667894409971	0.9979849956591764
succinate	S_E08	7.75037831353059	0.9979849956591764
succinate	S_E09	5.854687616208017	0.9979849956591764
succinate	S_E10	3.0771867831854047	0.9979849956591764
succinate	S_E11	3.2030917863968864	0.9979849956591764
succinate	S_E12	3.4193566945020497	0.9979849956591764
succinate	S_F01	1.8421354932360396	0.9979849956591764
succinate	S_F02	11.504148419809622	0.9979849956591764
succinate	S_F03	10.972275744110535	0.9979849956591764
succinate	S_F04	13.097313536796051	0.9979849956591764
succinate	S_F05	11.111273983724438	0.9979849956591764
succinate	S_F06	15.03347725094738	0.9979849956591764
succinate	S_F07	1.5510568267504514	0.9979849956591764
succinate	S_F08	2.0698473151917596	0.9979849956591764
succinate	S_F09	1.8126735628857968	0.9979849956591764
succinate	S_F10	1.395261431913111	0.9979849956591764
succinate	S_F11	2.178184178420244	0.9979849956591764
succinate	S_F12	1.904684701062297	0.9979849956591764
trehalose	S_A01	1.4012390361748241	0.9512330085899774
trehalose	S_A02	1.975875277079563	0.9512330085899774
trehalose	S_A03	1.2768153869077548	0.9512330085899774
trehalose	S_A04	0.0	0.9512330085899774
trehalose	S_A05	0.0	0.9512330085899774
trehalose	S_A06	0.0	0.9512330085899774
trehalose	S_A07	1.2105485296936498	0.9512330085899774
trehalose	S_A08	0.749938418618621	0.9512330085899774
trehalose	S_A09	1.1299330956559885	0.9512330085899774
trehalose	S_A10	0.0	0.9512330085899774
trehalose	S_A11	0.0	0.9512330085899774
trehalose	S_A12	0.0	0.9512330085899774
trehalose	S_B01	0.0	0.9512330085899774
trehalose	S_B02	0.0	0.9512330085899774
trehalose	S_B03	0.0	0.9512330085899774
trehalose	S_B04	0.0	0.9512330085899774
trehalose	S_B05	0.0	0.9512330085899774
trehalose	S_B06	0.0	0.9512330085899774
trehalose	S_B07	0.0	0.9512330085899774
trehalose	S_B08	0.0	0.9512330085899774
trehalose	S_B09	0.0	0.9512330085899774
trehalose	S_B10	0.0	0.9512330085899774
trehalose	S_B11	0.0	0.9512330085899774
trehalose	S_B12	0.0	0.9512330085899774
trehalose	S_C01	0.0	0.9512330085899774
trehalose	S_C02	0.0	0.9512330085899774
trehalose	S_C03	0.0	0.9512330085899774
trehalose	S_C04	0.0	0.9512330085899774
trehalose	S_C05	0.0	0.9512330085899774
trehalose	S_C06	0.0	0.9512330085899774
trehalose	S_C07	0.0	0.9512330085899774
trehalose	S_C08	0.0	0.9512330085899774
trehalose	S_C09	0.0	0.9512330085899774
trehalose	S_C10	0.0	0.9512330085899774
trehalose	S_C11	0.0	0.9512330085899774
trehalose	S_C12	0.0	0.9512330085899774
trehalose	S_D01	0.0	0.9982087366689234
trehalose	S_D02	0.0	0.9982087366689234
trehalose	S_D03	0.0	0.9982087366689234
trehalose	S_D04	0.6970307121207798	0.9982087366689234
trehalose	S_D05	0.0	0.9982087366689234
trehalose	S_D06	0.0	0.9982087366689234
trehalose	S_D07	0.22579459197136617	0.9982087366689234
trehalose	S_D08	0.0	0.9982087366689234
trehalose	S_D09	0.0	0.9982087366689234
trehalose	S_D10	0.5402423542152448	0.9982087366689234
trehalose	S_D11	0.569083669434905	0.9982087366689234
trehalose	S_D12	0.6098292859029483	0.9982087366689234
trehalose	S_E01	0.21524525184068513	0.9982087366689234
trehalose	S_E02	0.16946692264974805	0.9982087366689234
trehalose	S_E03	0.3362239230640918	0.9982087366689234
trehalose	S_E04	0.10975185053387453	0.9982087366689234
trehalose	S_E05	0.11139716046251286	0.9982087366689234
trehalose	S_E06	0.0	0.9982087366689234
trehalose	S_E07	0.23150478525311097	0.9982087366689234
trehalose	S_E08	0.1057837501177468	0.9982087366689234
trehalose	S_E09	0.081394449999108	0.9982087366689234
trehalose	S_E10	0.0	0.9982087366689234
trehalose	S_E11	0.0	0.9982087366689234
trehalose	S_E12	0.0	0.9982087366689234
trehalose	S_F01	0.0	0.9982087366689234
trehalose	S_F02	0.0	0.9982087366689234
trehalose	S_F03	0.0	0.9982087366689234
trehalose	S_F04	0.0	0.9982087366689234
trehalose	S_F05	0.0	0.9982087366689234
trehalose	S_F06	0.0	0.9982087366689234
trehalose	S_F07	0.0	0.9982087366689234
trehalose	S_F08	0.0	0.9982087366689234
trehalose	S_F09	0.0	0.9982087366689234
trehalose	S_F10	0.0	0.9982087366689234
trehalose	S_F11	0.0	0.9982087366689234
trehalose	S_F12	0.0	0.9982087366689234
valerate	S_A01	0.0	0.9536019982272826
valerate	S_A02	0.0	0.9536019982272826
valerate	S_A03	0.0	0.9536019982272826
valerate	S_A04	0.0	0.9536019982272826
valerate	S_A05	0.5177949816702317	0.9536019982272826
valerate	S_A06	0.6251483648225943	0.9536019982272826
valerate	S_A07	0.0	0.9536019982272826
valerate	S_A08	0.0	0.9536019982272826
valerate	S_A09	0.0	0.9536019982272826
valerate	S_A10	0.0	0.9536019982272826
valerate	S_A11	0.0	0.9536019982272826
valerate	S_A12	0.0	0.9536019982272826
valerate	S_B01	0.0	0.9536019982272826
valerate	S_B02	0.0	0.9536019982272826
valerate	S_B03	0.0	0.9536019982272826
valerate	S_B04	0.6584649320078103	0.9536019982272826
valerate	S_B05	0.2660698073819332	0.9536019982272826
valerate	S_B06	2.6889246099068065	0.9536019982272826
valerate	S_B07	0.2785635200763892	0.9536019982272826
valerate	S_B08	0.16889648642505323	0.9536019982272826
valerate	S_B09	0.0	0.9536019982272826
valerate	S_B10	1.0633537693281434	0.9536019982272826
valerate	S_B11	0.0	0.9536019982272826
valerate	S_B12	0.7128544780620537	0.9536019982272826
valerate	S_C01	0.0	0.9536019982272826
valerate	S_C02	0.0	0.9536019982272826
valerate	S_C03	0.46828286099220245	0.9536019982272826
valerate	S_C04	0.18324111951868788	0.9536019982272826
valerate	S_C05	1.0897293850164393	0.9536019982272826
valerate	S_C06	1.26926866373677	0.9536019982272826
valerate	S_C07	0.0	0.9536019982272826
valerate	S_C08	1.710250448841087	0.9536019982272826
valerate	S_C09	1.3747711264899538	0.9536019982272826
valerate	S_C10	1.7889145658061805	0.9536019982272826
valerate	S_C11	0.0	0.9536019982272826
valerate	S_C12	3.216436923672726	0.9536019982272826
valerate	S_D01	2.66893688138387	0.9931897010160861
valerate	S_D02	5.840816283676797	0.9931897010160861
valerate	S_D03	2.2174209225974972	0.9931897010160861
valerate	S_D04	0.0	0.9931897010160861
valerate	S_D05	1.1559242694891505	0.9931897010160861
valerate	S_D06	1.1852293918142276	0.9931897010160861
valerate	S_D07	0.0	0.9931897010160861
valerate	S_D08	1.4272679947213456	0.9931897010160861
valerate	S_D09	0.0	0.9931897010160861
valerate	S_D10	0.0	0.9931897010160861
valerate	S_D11	0.0	0.9931897010160861
valerate	S_D12	0.0	0.9931897010160861
valerate	S_E01	0.0	0.9931897010160861
valerate	S_E02	0.0	0.9931897010160861
valerate	S_E03	0.0	0.9931897010160861
valerate	S_E04	0.0	0.9931897010160861
valerate	S_E05	0.0	0.9931897010160861
valerate	S_E06	0.0	0.9931897010160861
valerate	S_E07	0.0	0.9931897010160861
valerate	S_E08	0.0	0.9931897010160861
valerate	S_E09	0.0	0.9931897010160861
valerate	S_E10	0.5956524418760796	0.9931897010160861
valerate	S_E11	0.5871878214024698	0.9931897010160861
valerate	S_E12	0.6164929437275469	0.9931897010160861
valerate	S_F01	1.2443823239148462	0.9931897010160861
valerate	S_F02	0.0	0.9931897010160861
valerate	S_F03	0.0	0.9931897010160861
valerate	S_F04	0.0	0.9931897010160861
valerate	S_F05	0.0	0.9931897010160861
valerate	S_F06	0.0	0.9931897010160861
valerate	S_F07	0.46779658230030413	0.9931897010160861
valerate	S_F08	0.3739116533699647	0.9931897010160861
valerate	S_F09	0.0	0.9931897010160861
valerate	S_F10	0.3120860263181101	0.9931897010160861
valerate	S_F11	0.7608478055510748	0.9931897010160861
valerate	S_F12	0.5747060100417889	0.9931897010160861
